STNO,NAME,CLUB,CLASS NAME,CARD NUMBER
20000,אבי ואיתן לוסקי,,בכיף ספורטיבי,2071851
3191,אביטל עפר,גליל,קצר,8461951
7072,אופיר יובל,לב השרון-מנשה,ארוך,0
20001,אורי אופיר,,ארוך,2071702
20002,אורי אילון,,ארוך,2071703
4008,איגנטוב אידה,חבל מודיעין,בינוני,2071003
4006,איגנטוב אנדרי,חבל מודיעין,בינוני,2071046
4007,איגנטוב אנה,חבל מודיעין,קצר,2071058
20003,איילה פרואקטור,,בכיף ספורטיבי,2071852
20004,איל ויסר,עמק חפר,קצרצר,7654300
6496,אילגץ׳ גאורגי,אסא תל אביב,ארוך,7555551
20005,איתן פרי,,בכיף ספורטיבי,2071853
4165,אלוש רות,חבל מודיעין,קצר,2071109
4166,אלוש תמיר,חבל מודיעין,ארוך,2071107
20006,אלכסנדר גולצר,,בכיף ספורטיבי,2071854
20007,אפרתי מתן,,ארוך,2071707
3446,ארד שחר-3446,ראשון לציון,קצר,2083336
4203,אשל חגי,השרון,קצר,1008072
6685,אשל סהר,עמק חפר,ארוך,8017388
1995,אשר שמואל,גליל,קצר,2083344
4805,בוכבינדר מודי,השרון,בינוני,2071053
1370,בלגלי רן,השרון,קצר,2071050
3139,בן שטרית נדב,יזרעאל,ארוך,2071285
4131,בן-זהר ניצן,חבל מודיעין,קצר,0
605,בן-שטרית מאיר,יזרעאל,קצר,2071064
6121,בן-שלום דוד,חבל מודיעין,קצר,2071546
3563,בר אבי,חבל מודיעין,בינוני,2076482
20008,בר קוסטיה,,ארוך,0
20009,בר-אהרוני הלל,,ארוך,0
6329,בר-גד יואב,אסא תל אביב,ארוך,2071678
2801,ברג יובל,טכניון כרמל,קצרצר,7212111
4979,ברון רומן,חבל מודיעין,ארוך,7796959
20010,ברק שדמה,עמק חפר,קצרצר,7071214
5914,גבע בתשבע,חבל מודיעין,קצר,2071499
20011,גבעולי רון,,עממי,0
20012,גדי בנדק,,בכיף ספורטיבי,2071855
5677,גוברדובסקי ולדיסלב,השרון,בינוני,2071498
2797,גוטמן יהודה,חבל מודיעין,ארוך,1033316
4499,גוטמן עדי,חבל מודיעין,ארוך,2071354
4501,גוטמן רעי,אסא ירושלים,ארוך,2071127
3544,גול אפק,אסא תל אביב,ארוך,2071634
3613,גולדהכט גיורא,עמק חפר,בינוני,9471203
2959,גולדנר יקיר,עמק חפר,ארוך,7220184
20013,גולדשטיין עומר,,קצר,2071709
3708,גור אלי,חבל מודיעין,ארוך,2221200
6885,גורקה אורנה,לב השרון-מנשה,קצר,2071710
3549,גלזר אילן,אסא תל אביב,ארוך,2071128
7137,גרדי דן,עמק חפר,קצר,2069557
7138,גרדי עינת,עמק חפר,קצרצר,7150479
20014,גרידינגר יותם,,בינוני,0
514,גרין וורן,השרון,בינוני,2071250
3208,גרינברג אניה,אסא תל אביב,ארוך,2071129
3209,גרינברג גיל,אסא תל אביב,ארוך,2071130
3089,גרינברג מיקי,גליל,בינוני,2144836
2424,גרנט עופר,לב השרון-מנשה,ארוך,2071157
2011,דביר יונתן,ראשון לציון,קצר,2071154
4545,דגן אוריין,לב השרון-מנשה,קצר,2071419
7,דודלזק צביקה,לב השרון-מנשה,בינוני,2071257
20015,דוידוביץ איתי,,בינוני,0
20016,דוידוביץ אלון,,בינוני,0
7137,דן גרדי,עמק חפר,קצר,2069557
20017,דניאל גולן,עמק חפר,קצרצר,7070521
6796,דרור גייר,עמק חפר,קצר,7090729
3279,הימן יונה,השרון,קצר,2071090
3039,הימן רפי,השרון,ארוך,2071036
4036,הלוי איתן,לב השרון-מנשה,בינוני,2071653
228,הלחמי אבנר,חבל מודיעין,בינוני,2071001
20018,הס רענן,,קצר,0
2090,הרשמן שחר,טכניון כרמל,ארוך,2071031
5052,ובמן איה,אסא תל אביב,בינוני,2071524
3453,וולשטיין דן,לב השרון-מנשה,בינוני,2071040
549,ויינר תומר,יזרעאל,ארוך,2121786
6495,ויסמן עדי,חבל מודיעין,קצר,2141134
5105,ויסמן שאול,חבל מודיעין,ארוך,2071032
673,ורבין עודד,האיגוד,קצרצר,4624964
5673,ורבין עידן,אסא תל אביב,קצר,2071500
5705,זורע אלון,אסא תל אביב,ארוך,2066903
3964,זידנוב דניס,השרון,בינוני,2113350
6283,זיינפלד עופר,חבל מודיעין,בינוני,2071517
2988,זילברשטיין נבות,יזרעאל,ארוך,0
7006,זכר פולויאן,עמק חפר,קצר,7760708
2146,חדד עמית,לב השרון-מנשה,בינוני,2071441
5549,חובב שימי,חבל מודיעין,בינוני,2071067
5862,חוחלובה טטיאנה,לב השרון-מנשה,ארוך,2071601
3312,טייט אבה,חבל מודיעין,קצר,2071389
6369,טייטר  ארתור,אסא תל אביב,ארוך,2121003
6256,טייטר מקסים,אסא תל אביב,ארוך,2071326
5178,טל אביב,אסא תל אביב,בינוני,2071131
20019,טל מור,,בכיף ספורטיבי,2071856
20020,טל רוני,,קצר,2071712
6972,יוגב עדי,לב השרון-מנשה,קצרצר,2071713
1755,יודפת עופר,חבל מודיעין,ארוך,2071017
20021,יונתן פוקס,עמק חפר,קצרצר,7080914
7016,יותם סופר,עמק חפר,קצר,7080920
6064,יפה מור,השרון,ארוך,2083332
6808,יקיר ניב,טכניון כרמל,בינוני,2071607
5885,ירדן גלעד,עמק חפר,ארוך,7130402
6930,ירדן שדמה,עמק חפר,קצר,7060708
4214,כהנא אלון,השרון,ארוך,7200994
5715,כספי יעל,השרון,בינוני,2069556
883,כספי שי,השרון,קצר,2083331
6898,כספרי אמיר,אסא תל אביב,בינוני,0
3054,כצמן אדי,לב השרון-מנשה,ארוך,8007163
7047,לדרמן  בן,חבל מודיעין,קצרצר,2221185
6736,לדרר איתן,לב השרון-מנשה,קצרצר,2071608
822,לדרר חגי,לב השרון-מנשה,ארוך,2071070
6117,לדרר שלו,לב השרון-מנשה,ארוך,2071641
6966,לוז רועי,לב השרון-מנשה,קצר,8180493
6100,ליאור איל,חבל מודיעין,בינוני,1021231
7081,ליאור ברוך,עמק חפר,קצר,7300547
7131,ליאור מתן,לב השרון-מנשה,ארוך,2071714
4828,ליבר דן,השרון,קצר,2800900
3084,ליפוביץ אלכס,עמק חפר,ארוך,1321322
4410,ליפמן יעל,השרון,בינוני,2071182
4409,ליפמן רמי,השרון,בינוני,2071180
20022,לני הילר פוגל,עמק חפר,קצרצר,7110407
3734,מאירי נעם,חבל מודיעין,בינוני,2071186
4002,מאירקוביץ יבגני,אסא טכניון חיפה,ארוך,2071123
4260,מאירקוביץ מארינה,טכניון כרמל,ארוך,2071198
3778,מאירקוביץ סופיה,טכניון כרמל,ארוך,2071156
20023,מדר ערן,,עממי,0
1465,מורג בועז,עמק חפר,קצר,2071190
7046,מורגוליס יאן,חבל מודיעין,קצרצר,0
603,מינסקי מנחם,השרון,קצר,2071005
7018,מיקה סלע,עמק חפר,קצר,7130908
1320,מלכא מולי,לב השרון-מנשה,בינוני,2071438
20024,מלכה טל,,בינוני,2071716
1700,מלץ אבי,השרון,ארוך,2107120
5179,מסינג ענת סיפורים,אסא תל אביב,קצר,2071119
4394,מצגר קובי,אסא תל אביב,בינוני,2068639
273,משלי יובל,חבל מודיעין,קצר,2071039
274,משלי ליסה,חבל מודיעין,קצר,2071083
20025,מתן דנינו,,בכיף ספורטיבי,2071857
4843,נוסבוים איתם,אסא ירושלים,ארוך,2071085
4841,נוסבוים יצחק,השרון,בינוני,2071464
4842,נוסבוים שרון,השרון,בינוני,2071056
7082,נועם רוטשילד,עמק חפר,קצר,7120907
3145,נחושתן ירון,חבל מודיעין,בינוני,2071057
6380,נטיף צפי,חבל מודיעין,קצר,2420707
20026,נטע באר,,בכיף ספורטיבי,2071858
6765,ניב נדב,אסא תל אביב,ארוך,2071700
4372,נסראלדין נגיב,טכניון כרמל,ארוך,2083341
4891,נתיב רות,חבל מודיעין,קצר,2071179
7117,סולאג' כליל,גליל,בינוני,7500750
7207,סופר עופר,עמק חפר,קצר,0
2503,סלע נתן,השרון,קצר,111111
20027,עומרי רוטשילד,עמק חפר,קצרצר,7080328
2730,עמיעז איתן,חבל מודיעין,ארוך,9200287
6949,עפרון איתן,לב השרון-מנשה,בינוני,2145084
6946,עפרון אלדד,לב השרון-מנשה,בינוני,2071488
20028,עפרון מתן,,ארוך,0
6967,פבישביץ אלינור,לב השרון-מנשה,קצרצר,2071171
7188,פדוסין אנטון,אסא תל אביב,ארוך,8275226
5224,פדוסין ולדימיר,אסא תל אביב,קצר,2085133
20029,פוספלד עודד,,בינוני,0
3594,פורת ספי,עמק חפר,בינוני,2071683
6905,פורת רונית,עמק חפר,בינוני,2071404
5623,פיינשטיין רועי,לב השרון-מנשה,ארוך,2071383
20030,פילו בועז,,קצר,0
20031,פילו שמואליק,,קצר,0
4210,פנפיל אבי,חבל מודיעין,קצר,2071332
2599,פרידמן אלכס,אסא תל אביב,קצר,230740
7067,פרידמן נדב,חבל מודיעין,קצר,2071638
2701,פרישפלס ג'ים,גליל,בינוני,2071181
2029,צ'רני הלל,השרון,ארוך,2071030
20032,צבי גוטהילף,,בכיף ספורטיבי,2071859
3055,צוק אילן,יזרעאל,ארוך,2071692
6813,צינדר אריאל,גליל,קצר,2071603
5625,צפורי אבנר,לב השרון-מנשה,קצר,2071658
1751,צפורי דרור,לב השרון-מנשה,בינוני,8222222
4879,קוזנצוב דמיטרי,אסא תל אביב,ארוך,7052914
1759,קורנברג ישראל,ראשון לציון,קצר,2071088
12,קינר דורון,אסא תל אביב,ארוך,2083347
2255,קינר סיון,אסא תל אביב,קצר,2071105
4885,קלדרון זיו,אסא תל אביב,ארוך,2071141
4920,קלמנוביץ מי-טל,אסא תל אביב,קצר,2071215
20033,קלמר  עומר,,בינוני,2071720
20034,קלמר נדב,,בינוני,2071721
5231,קלקשטיין בר,השרון,בינוני,8004535
5675,קלקשטיין יובל,השרון,ארוך,8064407
5232,קלקשטיין נדב,השרון,בינוני,7204750
2490,רביד דליה,אסא תל אביב,קצר,2071025
4646,רביד יעל,אסא תל אביב,בינוני,2083335
2489,רביד משה,אסא תל אביב,בינוני,2071644
1651,רביד נועם,אסא תל אביב,ארוך,2071051
1782,רביד נעמי,אסא תל אביב,בינוני,2071054
6887,רודניקי יעל,לב השרון-מנשה,קצרצר,111
6514,רוטשטיין חגית,אסא תל אביב,קצר,8499899
552,רז אייל,גליל,בינוני,2045093
1095,רז שלמה,ראשון לציון,בינוני,2071028
5934,ריינהרץ אורית,גליל,בינוני,2071470
5937,ריינהרץ דרור,גליל,בינוני,8366660
522,ריינהרץ יניב,גליל,ארוך,2071381
6888,רימברג כפיר,לב השרון-מנשה,קצר,2071695
7152,רימרמן-שדמה נטע,עמק חפר,קצר,2145090
20035,ריסי גל,,קצרצר,2071722
7211,רמזנוב אלכסנדר,אסא תל אביב,ארוך,1005331
5066,רן רות,גליל,קצר,2071219
4017,רן שמאי,גליל,בינוני,2071220
20036,רפאלי דני,,ארוך,2071723
5565,שביב רן,חבל מודיעין,ארוך,1113709
6807,שוב רונן,טכניון כרמל,ארוך,2071662
5448,שחורי און,חבל מודיעין,בינוני,2071624
5349,שחורי איתי,חבל מודיעין,בינוני,2221188
5913,שחורי אלון,חבל מודיעין,ארוך,2088705
5450,שחורי יונתן,חבל מודיעין,בינוני,2071659
5975,שחורי סנדרה,חבל מודיעין,קצרצר,2123219
6313,שחורי שוש,חבל מודיעין,קצרצר,2123220
3853,שחר ליעד,לב השרון-מנשה,בינוני,2071479
5791,שינדלר זיו,טכניון כרמל,קצר,2071319
5593,שינדלר לידי,טכניון כרמל,בינוני,2071304
5426,שינדלר ליל,טכניון כרמל,בינוני,2071184
6227,שינדלר לירדן,טכניון כרמל,קצרצר,2071666
5974,שינדלר-ברגמן יהודית,טכניון כרמל,קצר,2071353
3501,שכטר דביר,חבל מודיעין,ארוך,1105870
5944,שלו יואב,אסא תל אביב,ארוך,8110068
6326,שלו משה,אסא תל אביב,ארוך,2083337
6039,שלו ניצן,אסא תל אביב,בינוני,2071363
2892,שמואלי אשר,יזרעאל,קצר,2071026
5199,שמואלי נורית,יזרעאל,קצר,2071296
7009,שפי איילה,השרון,קצרצר,0
4850,שפי יוחאי,אסא תל אביב,ארוך,2071041
5723,שפר שחר,אסא תל אביב,ארוך,1202015
6279,שפר שי,אסא תל אביב,ארוך,2071146
3336,תלם איתיאל,חבל מודיעין,קצר,9933838
7015,תמר סלומון,עמק חפר,קצר,7780808
